Subjct,Age,Gender,mean_rr,sdnn,rmssd,nn50,pnn50,lf,hf,vlf,lf_hf_ratio
0,53,M,943.3881976,164.4902628,55.74909717,21561,26.80349573,0.309395949,0.012090749,10113.24596,25.58947702
2,17,F,840.0280175,158.8132959,64.25390801,25628,37.67216922,0.359040565,0.021385253,8011.649858,16.78916651
3,46,F,714.5484697,89.52460138,33.2506007,6400,5.917706889,0.132384579,0.003900466,5684.069078,33.94070518
5,38,F,752.623181,131.3042395,38.22219787,12474,12.73832014,0.165308047,0.007920364,6402.352914,20.87126847
6,32,M,884.4357761,164.8634234,38.77209259,9226,10.29411765,0.336789647,0.015436846,8801.174942,21.81725758
7,51,F,752.4390839,109.6309328,22.57906834,1696,2.958156733,0.157109095,0.005825748,6299.907054,26.96805657
8,39,M,839.7551723,160.3064145,45.59518481,17881,18.20579132,0.279513101,0.015871876,7988.848154,17.61059016
9,24,F,931.3845056,148.9877715,51.68980816,17836,26.51680716,0.276171112,0.011350199,9709.765211,24.33183068
10,55,M,982.1904483,162.47652,45.80578254,17507,21.32919103,0.329120302,0.021739432,10843.75725,15.13932401
11,17,M,701.5979948,228.4656134,42.84778263,15328,13.87011248,0.201659923,0.00956023,5938.366346,21.09362628
13,39,F,735.8838873,124.4556272,29.47949644,8154,7.311627406,0.153897974,0.004441931,6123.603535,34.64663887
401,12,,860.2435174,155.6728649,79.06369599,42587,42.93563738,0.35869976,0.013180936,8321.49646,27.21352662
402,10,,924.1608593,249.9287158,154.1951707,39462,43.97223182,0.355323056,0.033758138,9939.708064,10.52555269
403,13,,752.919952,146.1586782,42.18877653,19150,18.23167074,0.231128596,0.00913645,6451.966459,25.29741851
404,5,,752.919952,146.1586782,42.18877653,19150,18.23167074,0.231128596,0.00913645,6451.966459,25.29741851
405,15,,644.9763869,138.1588286,54.74773453,23205,17.87158337,0.205276161,0.008255474,4672.436588,24.86545883
406,15,,870.0537566,257.5112722,107.8123268,36084,38.33503315,0.397636332,0.024692141,8868.258301,16.10376092
407,6,,622.6893154,123.68732,48.39772092,23346,17.02919165,0.129573977,0.005381159,4346.496684,24.07919294
408,13,,687.6719298,111.6607437,30.29770738,10358,8.922310946,0.155931591,0.005999069,5337.408336,25.99263142
409,10,M,884.2574462,177.4593635,80.9987416,37572,44.67379285,0.292870237,0.024186981,8896.044004,12.10858987
410,12,F,761.5967786,160.9319538,75.84080329,46788,41.56679489,0.264815831,0.012931528,6623.262181,20.47830909
411,8,F,691.0414067,133.6178885,68.5300412,40339,33.38602619,0.197977592,0.00974568,5380.95354,20.31439422
412,8,F,669.87397,136.0396367,56.36870477,24266,20.17710888,0.157402152,0.00972569,5021.237453,16.18416299
413,12,F,766.9189716,171.9088553,62.89224592,34344,31.40195119,0.282334348,0.013073368,6744.966851,21.59614406
414,11,M,696.3488283,117.8047981,57.34297323,32812,29.39405884,0.200987553,0.009719564,5439.137398,20.67865896
415,11,M,823.0629629,196.1173191,65.94163889,35166,34.49913178,0.314153857,0.023436518,7836.782782,13.40445928
416,11,M,681.2722234,165.797795,40.44016995,14516,14.95400274,0.168550902,0.006462815,5402.273164,26.08010691
418,10,F,610.8858659,100.1508367,36.56780926,20006,14.19298084,0.130411676,0.005775915,4206.879298,22.57853136
419,14,M,863.8274956,183.0443175,93.01482797,44348,49.59627815,0.362797648,0.02050899,8486.41753,17.689689
420,10,F,625.9228889,99.60385763,39.54747697,18336,13.41851632,0.120274342,0.006347325,4370.535773,18.94882306
421,12,M,881.8953653,150.5646018,121.6464622,19204,53.45581072,0.25757889,0.013184133,8362.431052,19.53703686
422,7,M,782.0932062,173.2564395,73.5115544,37080,39.05624605,0.25660582,0.016650669,7023.376327,15.41114193
423,11,F,601.0709703,121.3332165,41.37232376,19952,14.20829624,0.105979164,0.004908483,4040.691787,21.5910211
424,7,M,643.8212291,206.2752889,97.59757677,39170,29.32105697,0.208709187,0.011999415,4866.952016,17.39328041
425,,,778.4303852,189.1349828,103.8042779,30813,31.62610722,0.235350252,0.015684751,6605.849746,15.00503604
426,12,F,689.5131472,193.7435322,83.66389991,34757,29.94486086,0.29401755,0.014177879,5541.540337,20.73776632
427,9,M,719.2792826,132.5350019,58.8262445,20948,26.36626809,0.231645582,0.011771872,5784.500642,19.67788807
4000,0.42,M,446.4733319,56.20907531,12.45463427,385,0.224715166,0.039308276,0.000898568,2229.718792,43.7454557
4001,0.58,F,459.3545157,84.32180927,76.61195506,10832,5.837370597,0.055174236,0.0023229,2325.974709,23.75230503
4002,1.08,M,511.7990916,89.50317589,48.44462769,15985,10.38688465,0.07609826,0.003073579,2880.155685,24.75884055
4003,0.25,F,433.4287566,49.57880487,11.17202074,81,0.040691862,0.037955098,0.000804095,2094.029632,47.20223988
4004,0.17,M,416.1525419,48.80445152,19.7214385,886,0.636279417,0.04849692,0.001892894,1920.197374,25.62051113
4005,0.33,M,443.4285258,49.96588848,21.90131462,1540,0.793356413,0.049621471,0.001982693,2181.296394,25.02731217
4006,0.25,F,420.2181984,51.5247808,15.48739966,220,0.116785841,0.044587297,0.000937745,1966.688206,47.54735158
4007,0.42,M,447.8298475,49.98250086,19.45407678,1809,0.960272635,0.056355729,0.002016262,2220.321894,27.9505964
4008,0.75,F,498.7875313,73.42008334,32.65818066,8059,4.664609971,0.067563353,0.002929047,2777.074031,23.06666733
4009,0.083,F,410.6656972,59.95570753,34.33844612,2451,1.170520645,0.060202385,0.001710223,1877.261388,35.20148688
4010,0.5,F,461.4785113,63.18189525,28.68924932,2857,1.529476006,0.049023318,0.001689197,2369.116064,29.02166375
4011,0.42,M,459.1232615,74.16877342,36.70799748,1991,1.094521346,0.04127871,0.000867425,2365.017426,47.5876322
4012,0.42,F,472.777242,62.42062796,29.06357249,3895,2.344916438,0.066082092,0.002586624,2488.734949,25.54761883
4013,1.75,F,490.3480649,75.16970395,40.11493167,8036,4.711455591,0.074473197,0.002450433,2685.878551,30.39185019
4014,0.75,F,466.6384526,69.96863598,34.36072885,3003,1.625193475,0.056345496,0.002041589,2430.52668,27.59884231
4015,1.17,F,464.235876,60.44929471,55.68453669,4225,2.277628032,0.042477105,0.00089945,2370.121207,47.22565266
4016,1.17,M,380.1708608,58.35523858,19.81283306,1957,0.862924242,0.046833175,0.00122815,1620.327598,38.13312111
4017,0.33,M,438.834944,52.61850053,22.0029865,1428,0.72710979,0.045710406,0.001831841,2142.459526,24.95325595
4018,0.42,M,451.6481434,63.68031645,26.28374348,4373,2.291868662,0.054196518,0.0021572,2274.821352,25.12354586
4019,0.42,M,417.9981406,58.23110432,31.73721225,1442,0.707466172,0.041399568,0.000921716,1947.961553,44.91575309
4020,2.25,M,562.0967778,93.51018758,57.0588566,11147,7.357173029,0.106049145,0.00361319,3532.439315,29.35056137
4021,0.42,F,466.3751524,65.94989991,22.74992795,3952,2.315769736,0.062881249,0.002827492,2426.703332,22.23923269
4022,0.75,M,452.1846697,70.05122341,39.63111491,15714,8.839710631,0.065350905,0.002430236,2252.088872,26.89076764
4023,,,375.7408247,42.59603571,20.77741268,925,0.409415222,0.027365498,0.000390695,1567.201774,70.04314476
4024,0.083,F,431.8686946,58.74794323,24.50758779,2213,1.112306239,0.062976619,0.0022658,2080.40373,27.79442362
4025,1,M,522.4781057,82.30697242,39.93134505,6038,3.684448187,0.082841854,0.004279754,3056.121358,19.35668613
4026,0.67,F,466.0792585,60.9794987,46.22473588,5416,2.962687424,0.047550017,0.001711297,2400.232121,27.78595258
4027,0.5,F,510.9759883,81.95519504,36.74844869,19074,11.30023164,0.067592373,0.002170299,2935.563796,31.1442731
4028,0.58,M,471.8329961,69.04468224,58.43357978,3778,2.100405849,0.047927351,0.00130073,2455.595887,36.84649593
4029,0.5,M,447.7698207,63.33971345,35.02260867,1396,0.726383433,0.04066647,0.001203804,2233.120143,33.78163968
4030,0.75,M,414.0583572,55.44440975,35.81319954,2150,1.085644747,0.039590048,0.001370393,1902.217904,28.88955778
4031,0.58,M,517.631447,97.46472593,60.62465526,23773,14.40107101,0.082186698,0.003940288,2974.412636,20.85804424
4032,0.67,M,447.9831915,50.36131034,32.35846512,3235,1.687629441,0.049026019,0.001518088,2221.492277,32.29458484
4033,0.33,F,451.2735253,75.37162281,50.58308064,4885,2.566203857,0.04119952,0.001146797,2259.573975,35.92572969
4034,0.75,F,488.1083708,78.22917057,54.93820273,6479,3.676675046,0.075931497,0.003357854,2645.951714,22.61310405
4035,0.42,F,436.5218805,46.7223268,15.06774102,1489,0.753904964,0.042866655,0.000960101,2108.748682,44.648051
4036,,,459.8519838,50.52323907,33.92588563,3199,1.721456592,0.038033746,0.000584097,2343.189893,65.11550897
4037,0.33,F,532.3997034,76.64138937,52.65212809,7993,13.1723797,0.086706434,0.004757607,3186.234011,18.22479986
4038,0.83,M,462.0714764,63.818222,24.53630337,3574,2.045781077,0.05604851,0.001715796,2387.344067,32.66619283
4039,0.42,F,445.1122692,54.82386582,23.37347354,3496,1.844076379,0.054015052,0.002142066,2201.74033,25.21633161
4040,0.17,M,386.2048458,46.27896577,16.81162208,331,0.16393605,0.042234868,0.001048715,1644.504546,40.27298136
4041,0.083,M,390.1250302,50.08687965,33.18091977,1316,0.635926975,0.049048293,0.00150022,1688.428562,32.69406458
4042,1.08,F,491.4653689,65.15568114,44.36706275,5892,3.864518837,0.064937591,0.001911237,2661.45567,33.97672695
4043,1.67,F,611.8550553,154.2087883,123.8322828,43134,31.65751695,0.141022079,0.010346546,3968.789737,13.62986981
4044,,,414.292987,47.448764,34.37069704,1673,0.847805486,0.031994788,0.000487162,1899.337591,65.67584197
4045,1,F,456.3145977,59.72599115,39.03769781,1865,1.006199049,0.050223438,0.001596129,2310.260936,31.46578557
4046,2.83,M,544.7555609,89.7120858,51.14776126,7604,4.827078361,0.084728289,0.003833249,3313.914532,22.10352083
4047,2.75,M,556.6894632,96.68626286,42.18416977,14577,9.593097866,0.097305434,0.004332938,3446.534553,22.45715041
4049,0.5,F,463.7935907,82.34726113,49.20072527,4678,2.691444681,0.055384515,0.0018394,2404.948268,30.11009165
4050,0.83,M,452.47013,63.71441167,53.51998971,3296,1.84711948,0.050014801,0.001335739,2257.240329,37.44355021
4051,2.08,M,538.274964,91.36921565,49.8285523,8709,6.432765816,0.070875997,0.002869189,3221.930362,24.70244578
4052,0.17,F,406.4788716,43.9726722,25.73221465,2367,1.116562102,0.039610387,0.001015982,1827.538335,38.98729549
4054,1.75,M,557.7580502,121.2200225,77.4613346,31093,20.25127657,0.092218269,0.005235506,3408.140217,17.61401162
4055,0.83,F,391.1371272,41.23124963,30.14828095,1482,0.673189611,0.027048678,0.000439918,1685.077124,61.48575288
4056,0.75,M,472.6176783,77.90215648,57.15304378,6980,3.839278348,0.070228462,0.002299506,2482.527938,30.54067292
4057,,,443.4390901,48.30831234,16.56714248,681,0.350378934,0.047686568,0.000750727,2182.99359,63.52052628
4058,0.42,M,475.1053087,80.21837324,18.13552156,3315,1.826305409,0.05689125,0.002622843,2541.994931,21.69068248
4059,0.25,M,431.6817146,47.4593864,22.3213638,791,0.416138383,0.041849861,0.001085203,2067.352911,38.56406909
4060,0.25,F,441.1240033,60.61537027,30.53695708,2351,1.205474114,0.048558273,0.001059727,2170.787618,45.82148497
4061,0.083,M,423.1034337,53.34566936,17.67307091,697,0.358441371,0.045830972,0.001705806,1999.042664,26.86763059
4062,0.33,M,450.2877382,78.54044449,20.10928115,3393,1.839672513,0.060063703,0.003206871,2290.934088,18.72968895
4064,0.083,M,410.7526961,68.71857105,84.55487227,23891,14.14087008,0.041383624,0.002052074,1840.699495,20.1667352
4065,0.5,M,440.4671191,60.24367558,31.56734043,2560,1.511903285,0.051474975,0.001610519,2166.36676,31.96172705
4066,0.67,M,465.3638972,57.28308962,35.88804998,2427,3.316479913,0.047703477,0.001369369,2395.507359,34.83609565
4067,5.17,M,568.0694149,92.53750099,23.97800319,7022,4.645746912,0.106443194,0.003519823,3832.649492,30.24106202
4068,0.083,F,407.3540353,51.86610935,19.0164619,725,0.358751052,0.056450527,0.00145429,1845.663404,38.81654855
4069,2.17,F,640.3711439,122.1391196,90.30084488,29692,39.02682667,0.142493635,0.007821323,4527.242501,18.21860926
4070,0.33,F,426.7631686,62.32186564,31.25368921,2493,1.234182855,0.051719315,0.00190586,2033.009414,27.13698884
4071,,,500.6396044,98.28242348,92.77904154,12041,10.53870728,0.070259442,0.002292657,2692.066031,30.64541814
4072,0.83,M,457.8578682,67.43143495,51.17267471,6491,3.502438919,0.049096879,0.001625956,2323.435148,30.19570526
4074,,,512.7117985,83.51698471,32.28599735,8549,6.674526092,0.076420512,0.003475752,2959.610205,21.98675918
4075,1.67,M,464.1592087,75.92005025,56.65825696,6156,6.147455037,0.05646879,0.001666418,2355.164412,33.8863326
4076,3.42,M,539.2071086,98.44545079,33.65946185,12246,7.677935497,0.093401192,0.003832988,3284.448874,24.36772528
4077,0.083,F,447.634852,61.45125352,25.89204291,1606,0.834511141,0.06516056,0.002119923,2237.533171,30.73722927
4078,,,465.3341399,63.7974869,27.47497842,5471,2.955092958,0.078586495,0.003867017,2407.97511,20.32225447
4079,,,426.7076886,49.70386855,15.24845746,386,0.291074714,0.056025584,0.001918674,2017.706748,29.20016387
4081,0.17,F,420.5838543,65.91739731,28.08057997,3300,1.614181317,0.070418585,0.002568723,1977.470732,27.41384687
4082,0.25,F,447.948181,63.86619519,20.35568409,4164,2.162499026,0.050625316,0.002501231,2244.524776,20.24015749
4083,0.75,F,451.3358303,55.7475208,18.3594016,1622,0.993482948,0.052079869,0.001208643,2266.561398,43.08954458
4084,0.58,M,489.7408823,74.05011482,31.57060296,12678,7.352165113,0.07968358,0.00361921,2649.497677,22.01684371
4085,0.58,F,512.2195395,82.82876295,35.51332973,9083,5.413540108,0.078898441,0.00444118,2939.49146,17.76519673
4086,0.58,F,463.2901866,62.35957877,19.89369249,1209,0.984110963,0.062764128,0.001372772,2404.223025,45.72073314
4087,0.17,F,437.0783507,67.23954495,18.17439271,1886,0.95557053,0.056856499,0.002708173,2144.418245,20.99441261
4088,0.33,F,471.1839129,51.03800508,15.95092308,612,0.39533096,0.043205352,0.001601005,2474.556519,26.98638815
4089,0.17,M,409.1049083,55.91753619,31.53985098,13002,6.252374335,0.050447576,0.001983469,1858.571012,25.43401841
4090,0.33,M,432.0225043,48.76399967,14.93570789,1067,0.53431483,0.040594696,0.000929254,2081.858484,43.68525344
4091,1.5,M,516.4342336,80.42652982,29.50169525,10736,6.527396094,0.063256347,0.002068235,2992.044417,30.58470066
4092,0.17,F,428.7168591,64.2555845,25.96446918,9661,4.802191084,0.055621843,0.002944416,2062.578544,18.89062078
4096,0.92,F,469.6438878,69.49332198,27.13822744,8590,4.680739764,0.054243653,0.001355559,2466.752755,40.01571697
4097,0.5,M,443.028401,65.24825688,22.42303333,3925,2.103677818,0.051758797,0.002024256,2200.03387,25.56928866
4098,0.42,M,430.6615457,50.97767449,14.16624083,948,0.473320785,0.038778039,0.000996467,2068.99278,38.91551685
4099,0.42,M,471.7670263,74.02868741,39.21639007,10656,5.865903336,0.061962968,0.003044148,2442.479772,20.35478322
4100,0.083,M,391.7158161,45.26534667,18.03447673,636,0.389100297,0.039340244,0.001213243,1700.543455,32.4256908
4101,0.42,M,483.1599245,78.6203868,24.26984423,3832,2.224996371,0.067420292,0.002555248,2628.380332,26.38502946
4102,1.08,F,467.0122122,91.47546968,57.97741457,16035,9.250018748,0.063782725,0.002477192,2444.911286,25.74799373
4106,2.5,F,513.8441434,91.30814759,50.54167436,24238,14.84634844,0.07929778,0.003091376,2938.651104,25.65129345
4107,2.92,M,500.3215242,79.49557449,27.72359825,2872,2.49626256,0.056882364,0.001903849,2767.077015,29.87755664
4108,3,F,482.6320172,57.42148361,19.84460529,4017,2.254158156,0.071563549,0.003046153,2564.295908,23.49309015
4109,0.67,M,481.1737657,73.79257344,34.46854794,12011,7.032242578,0.054739554,0.001926654,2596.363794,28.41172177
4110,2.08,F,506.2328535,67.76109406,23.33292777,5853,3.485567618,0.064748198,0.001840044,2827.506094,35.1884059
4111,2.58,M,526.35811,93.46605752,46.93990601,20318,12.86185439,0.093052928,0.004288948,3091.001654,21.69598004
4112,3.42,M,569.6917517,138.9684689,74.32287492,18121,19.14769966,0.106511429,0.005335328,3442.145897,19.96342556
4113,2.67,F,530.7356274,102.7688786,27.81832112,4592,2.931656399,0.100981851,0.003585488,3202.458685,28.1640488
4114,5.83,F,635.19001,111.1003018,54.93552651,26280,22.86907714,0.132071742,0.007129758,4518.244192,18.52401416
4115,6,M,600.8056798,105.6385763,42.21539318,20431,14.25959143,0.120836414,0.005628688,4036.357512,21.4679534
4116,4,F,579.8610208,95.2122952,43.27187658,14801,14.66374733,0.084881263,0.003519083,3768.188096,24.12027764
4117,5.42,M,716.4431265,179.5425117,107.3603399,50247,42.84764089,0.202779412,0.011506757,5867.541048,17.62263717
4118,5,F,601.3167574,162.4778607,91.02855067,40663,28.67387809,0.145362893,0.007430664,3996.834664,19.56257121
4119,0.67,F,483.1249182,63.5781013,20.26340373,3367,1.899041173,0.060966702,0.002904693,2597.639482,20.98903707
4120,4.5,M,536.4490015,111.462707,34.25955789,11023,7.003755075,0.087123019,0.004660849,3281.486255,18.69252293
